Nhãn dự đoán,Nhãn
Khác,Flute
Khác,Flute
Saxophone,Flute
Khác,Flute
Trumpet,Flute
Khác,Flute
Flute,Flute
Trumpet,Flute
Flute,Flute
Khác,Flute
Flute,Flute
Khác,Flute
Flute,Flute
Flute,Flute
Saxophone,Flute
Khác,Flute
Khác,Flute
Khác,Flute
Flute,Flute
Trumpet,Flute
Saxophone,Saxophone
Khác,Saxophone
Trumpet,Saxophone
Saxophone,Saxophone
Khác,Saxophone
Khác,Saxophone
Khác,Saxophone
Khác,Saxophone
Khác,Saxophone
Trumpet,Saxophone
Saxophone,Saxophone
Khác,Saxophone
Saxophone,Saxophone
Khác,Saxophone
Khác,Saxophone
Saxophone,Saxophone
Khác,Saxophone
Saxophone,Saxophone
Flute,Saxophone
Khác,Saxophone
Khác,Trumpet
Khác,Trumpet
Khác,Trumpet
Khác,Trumpet
Khác,Trumpet
Trumpet,Trumpet
Trumpet,Trumpet
Saxophone,Trumpet
Trumpet,Trumpet
Trumpet,Trumpet
Khác,Trumpet
Khác,Trumpet
Trumpet,Trumpet
Trumpet,Trumpet
Saxophone,Trumpet
Khác,Trumpet
Saxophone,Trumpet
Khác,Trumpet
Flute,Trumpet
Flute,Trumpet
